"event_id","event_name","event_category","year","start_date","end_date","duration_days","event_status","country_iso3","country_name","region_level1","region_level2","water_body","lat_centroid","lon_centroid","affected_area_km2","environment_type","species_primary","species_primary_authority","species_secondary","species_tertiary","taxonomic_class","species_notes","max_cell_density","cell_density_depth_m","max_chlorophyll_ug_L","bloom_visible","bloom_color","fish_affected_type","fish_species_affected","fish_killed_n","fish_killed_n_qualifier","fish_killed_tonnes","fish_killed_tonnes_qualifier","farms_affected_n","fish_mortality_notes","human_cases","human_deaths","human_syndrome","human_health_notes","ecological_impact_level","wildlife_mortality","wildlife_species_affected","benthic_impact","ecological_notes","economic_loss_value","economic_loss_currency","economic_loss_year","economic_loss_usd","economic_loss_type","economic_loss_qualifier","economic_sectors_affected","fishery_closures","beach_closures","desalination_affected","economic_notes","mitigation_attempted","mitigation_methods","mitigation_effectiveness","monitoring_preexisting","warning_issued","response_notes","source_doi_primary","source_dois_secondary","source_type","data_quality","extraction_confidence","extraction_date","extraction_agent","verification_status","notes"
"JPN_1972_001","1972 Seto Inland Sea Chattonella bloom","fish_kill","1972","1972-07-01","1972-08-31","","resolved","JPN","Japan","Hyogo/Okayama","","Harima-Nada Seto Inland Sea","34.6","134.5","","marine_coastal","Chattonella antiqua","(Hada) Ono","","","Raphidophyceae","","","","","","","farmed","Yellowtail (Seriola quinqueradiata)","14200000","estimated","","","","14.2 million yellowtail killed; worst Chattonella event on record","0","0","none","","","","FALSE","FALSE","FALSE","7100000000","JPY","1972","71000000","direct","estimated","aquaculture","FALSE","FALSE","FALSE","~71M USD at 1972 exchange rates (~300 JPY/USD); some sources cite ~90M USD","","","","","","","10.1016/j.hal.2011.10.014","","peer_reviewed","high","high","2026-03-26","claude","verified","First major documented fish-killing HAB in Japan; triggered extensive research program"
"NOR_1988_001","1988 Scandinavian Chrysochromulina bloom","mixed","1988","1988-05-01","1988-06-30","61","resolved","NOR","Norway","Skagerrak/Kattegat","","Skagerrak Kattegat eastern North Sea","58.0","10.0","60000","marine_coastal","Prymnesium polylepis","","","","Prymnesiophyceae","Formerly Chrysochromulina polylepis; transferred to Prymnesium","","","","","both","","","","900","estimated","","","Killed farmed and wild fish, plus massive invertebrate mortality","0","0","none","","ecosystem_wide","TRUE","Invertebrates, seabirds","TRUE","Massive mortality across trophic levels; ecosystem-disruptive event; 'Silent Spring in the Sea'","9000000","USD","1988","9000000","direct","estimated","aquaculture, wild_fisheries","FALSE","FALSE","FALSE","Fish farm losses; broader ecosystem costs not quantified","","","","","","","10.1007/978-3-642-75280-3_23","10.3354/meps207201; 10.3354/meps079151","peer_reviewed","high","high","2026-03-26","claude","verified","Triggered major research effort on haptophyte toxicity; first recognized ecosystem-wide HAB impact in Scandinavia"
"NOR_1991_001","1991 Lofoten C. leadbeateri bloom","fish_kill","1991","1991-05-01","1991-06-30","","resolved","NOR","Norway","Nordland","Lofoten","Vestfjorden","68.2","14.5","","fjord","Chrysochromulina leadbeateri","Estep, Davis, Hargraves & Sieburth, 1984","","","Prymnesiophyceae","","","","","","","farmed","Atlantic salmon","","","740","estimated","","","","0","none","","fish_only","fish_only","FALSE","FALSE","FALSE","3500000","USD","1991","3500000","direct","estimated","aquaculture","FALSE","FALSE","FALSE","Tonnage estimates vary 600-742t across sources","","","","","","","10.1016/j.hal.2021.101989","","peer_reviewed","medium","medium","2026-03-26","claude","verified","First documented C. leadbeateri fish-killing event; same species caused 2019 and 2025 events"
"NOR_2001_001","2001 Skagerrak Pseudochattonella bloom","fish_kill","2001","2001-03-01","2001-04-30","","resolved","NOR","Norway","Southern coast","","Skagerrak","58.5","9.0","","marine_coastal","Pseudochattonella farcimen","","","","Dictyochophyceae","","","","","","","farmed","Salmonids","","","1100","estimated","","","0","0","none","","fish_only","fish_only","FALSE","FALSE","FALSE","","","","","","","","aquaculture","FALSE","FALSE","FALSE","First major P. farcimen event in Norway","","","","TRUE","","10.1016/j.hal.2016.08.002","","peer_reviewed","medium","medium","2026-03-26","claude","verified","Early spring bloom; P. farcimen thrives at low temperatures"
"CHL_2016_001","2016 Chile salmon crisis / Godzilla bloom","fish_kill","2016","2016-02-01","2016-05-31","120","resolved","CHL","Chile","Los Lagos","Chiloé, Reloncaví","Reloncaví Sound, Gulf of Ancud","-42.0","-72.5","","fjord","Pseudochattonella verruculosa","","Alexandrium catenella","","Dictyochophyceae","A. catenella co-occurred causing PSP closures","20000000","","","TRUE","","farmed","Atlantic salmon","23000000","estimated","39000","estimated","","Massive die-off required offshore dumping of carcasses","0","0","none","PSP closures due to co-occurring A. catenella","multi_trophic","FALSE","","FALSE","Massive nutrient release from decomposing salmon","800000000","USD","2016","800000000","total","estimated","aquaculture","TRUE","FALSE","FALSE","Includes direct mortality + downstream economic impacts; some estimates higher","TRUE","airlift pumping, cage towing, delayed seeding","partially_effective","TRUE","TRUE","Airlift pumping possibly counterproductive (lysed fragile cells)","10.1038/s41598-018-19461-4","10.1016/j.scitotenv.2020.144383","peer_reviewed","high","high","2026-03-26","claude","verified","Largest farmed fish HAB mortality ever recorded globally; triggered major industry restructuring"
"USA_2018_001","2017-2018 Florida red tide","mixed","2018","2017-10-01","2019-02-28","516","recurrent","USA","United States","Florida","Southwest Florida, Gulf of Mexico, Sarasota Bay, Tampa Bay","26.5","-82.5","","marine_coastal","marine_coastal","Karenia brevis","","","Dinophyceae","","90000000","","","","TRUE","red-brown","wild","Multiple species including snook, tarpon, manatees","","","","","","Fifth longest red tide since 1954; massive fish kills on beaches","","0","respiratory","Widespread respiratory irritation from aerosolized brevetoxins","multi_trophic","multi_trophic","TRUE","Manatees, dolphins, sea turtles, seabirds","","","","","","","","","tourism, recreation, public_health","FALSE","TRUE","FALSE, Tourism and cleanup costs substantial but not systematically quantified","","","","","","10.3389/fmars.2021.711114","10.3354/meps07853","","peer_reviewed","high","high","2026-03-26","claude","verified","Affected SW NW and E coasts simultaneously; recurrent annual phenomenon"
"NOR_2019_001","2019 Northern Norway Chrysochromulina bloom","fish_kill","2019","2019-05-10","2019-06-20","42","resolved","NOR","Norway","Nordland, Troms, Finnmark","","Vestfjorden, Lofoten, Tromsø area","68.5","16.0","","fjord","Chrysochromulina leadbeateri","","","","Prymnesiophyceae","Same species as 1991 event; cold-water ribotype","1012605","2","","","milky","farmed","Atlantic salmon","8000000","estimated","14500","estimated","60","8 million fish across ~60 sites","0","0","none","","fish_only","FALSE","","FALSE","","2900000000","NOK","2019","300000000","total","estimated","aquaculture","FALSE","FALSE","FALSE","2.3-2.9 billion NOK; includes direct + indirect losses","TRUE","emergency harvest, early warning, cage sinking","partially_effective","TRUE","TRUE","","10.1016/j.hal.2022.102287","","peer_reviewed","high","high","2026-03-26","claude","verified","Largest HAB fish kill in Northern Europe history at the time; continuous spreading bloom unlike 2025"
"NOR_2025_001","2025 Northern Norway dual bloom","fish_kill","2025","2025-04-24","2025-05-05","11","resolved","NOR","Norway","Nordland","Lødingen, Øksfjorden","Vestfjorden","68.41","15.44","","fjord","Chrysochromulina leadbeateri","","Phaeocystis pouchetii","","Prymnesiophyceae","P. pouchetii dominant early; C. leadbeateri increasing through event","4592106","2","","TRUE","milky","farmed","Atlantic salmon","8000000","estimated","13200","estimated","18","401,794 fish (39.47%) mortality at Fornes site; ~8M total regional","0","0","none","","fish_only","FALSE","","FALSE","","","","","","","","","aquaculture","FALSE","FALSE","FALSE, Full economic assessment pending","TRUE","emergency harvest","partially_effective","TRUE","TRUE","","10.1111/jfd.70162","","peer_reviewed","high","high","2026-03-26","claude","verified","Series of local blooms unlike 2019 continuous bloom; ~18 farms affected; dual-species event"
"CHL_1988_001","1988 Chile Heterosigma salmon kill","fish_kill","1988","1988-09-01","1988-10-31","","resolved","CHL","Chile","Los Lagos","","Reloncaví Sound, Hornopirén, Chiloé","-41.5","-72.3","","fjord","Heterosigma akashiwo","","","","Raphidophyceae","First H. akashiwo event in Chile","100000000","","","","","","farmed","Atlantic salmon","","","10000","estimated","","Loss of 50% of national fish production at the time","0","0","none","","fish_only","FALSE","","FALSE","","11000000","USD","1988","11000000","direct","estimated","aquaculture","FALSE","FALSE","FALSE, 50% of Chile national fish production lost","","","","","","","10.1016/j.hal.2021.102070","","peer_reviewed","high","medium","2026-03-26","claude","unverified","First HAB fish-killing event in Chilean salmon industry; 100,000 cells/mL max density"
"NZL_1989_001","1989 Big Glory Bay Heterosigma salmon kill","fish_kill","1989","1989-01-05","1989-01-31","","resolved","NZL","New Zealand","Southland","Stewart Island","Big Glory Bay","-46.95","168.14","","marine_coastal","Heterosigma akashiwo","","","","Raphidophyceae","First record of Heterosigma in New Zealand","","","","","","","farmed, Chinook salmon","","","","","","","Chinook salmon kills from dense phytoplankton bloom","0","0","none","","fish_only","FALSE","","FALSE","","17000000","NZD","1989","","","estimated","aquaculture","FALSE","FALSE","FALSE, NZ$17 million total loss; first NZ record of H. akashiwo","","","","","","","10.1016/j.hal.2021.102070","","peer_reviewed","medium","medium","2026-03-26","claude","unverified","First record of Heterosigma in New Zealand; gill damage and asphyxiation mechanism confirmed"
"KOR_1995_001","1995 Korean south coast Cochlodinium bloom","fish_kill","1995","1995-09-01","1995-10-31","","resolved","KOR","South Korea","South coast","","South Sea of Korea, Tongyeong","34.8","128.4","","marine_coastal","Margalefidinium polykrikoides","","","","Dinophyceae","Formerly Cochlodinium polykrikoides","","","","","","","farmed","","","","","","","Nearly two-month bloom; massive fish mortality","0","0","none","","fish_only","FALSE","","FALSE","","69500000","USD","1995","69500000","direct","estimated","aquaculture","TRUE","FALSE","FALSE, USD 69.5M in aquaculture losses; largest C. polykrikoides event in Korea","","","","","","","10.1016/j.hal.2020.101787","","peer_reviewed","high","medium","2026-03-26","claude","unverified","First major M. polykrikoides bloom in Korea; recurred almost annually thereafter"
"AUS_1996_001","1996 Port Lincoln tuna kill","fish_kill","1996","1996-04-01","1996-04-30","","resolved","AUS","Australia","South Australia","Port Lincoln","Boston Bay","-34.73","135.86","","marine_coastal","Chattonella marina","","","","Raphidophyceae","","66000","","","","","","farmed","Southern bluefin tuna (Thunnus maccoyii)","","","1700","estimated","","75% of farmed tuna stock killed; storm exacerbated bloom effects","0","0","none","","fish_only","FALSE","","FALSE","","45000000","AUD","1996","","","estimated","aquaculture","FALSE","FALSE","FALSE, AUD 45M loss; industry subsequently relocated to deeper offshore waters","","","","","","","10.1016/j.hal.2020.101848","","peer_reviewed","high","medium","2026-03-26","claude","unverified","Bloom at 66,000 cells/L; triggered relocation of all tuna farms to offshore sectors"
"JPN_2010_001","2010 Yatsushiro Sea Chattonella bloom","fish_kill","2010","2010-07-01","2010-08-31","","resolved","JPN","Japan","Kumamoto","","Yatsushiro Sea","32.3","130.3","","marine_coastal","Chattonella antiqua","","","","Raphidophyceae","","","","","","","","farmed, Yellowtail (Seriola quinqueradiata)","","","","","","","Mass mortality of yellowtail in southern Yatsushiro Sea","0","0","none","","fish_only","FALSE","","FALSE","","5300000000","JPY","2010","53000000","direct","estimated, aquaculture","FALSE","FALSE","FALSE, 5.3 billion JPY; combined 2009-2010 losses exceeded ¥8 billion","","","","","","","10.1007/s12562-015-0876-5","10.1007/s12562-021-01524-7","","peer_reviewed","high","medium","2026-03-26","claude","unverified","Chattonella blooms shifted from Seto Inland Sea to Yatsushiro Sea in recent decades"
"CHN_2012_001","2012 Fujian Karenia mikimotoi bloom","fish_kill","2012","2012-03-01","2012-05-31","","resolved","CHN","China","Fujian","Quanzhou, Fuzhou, Putian, Ningde","East China Sea","25.0","119.5","300","marine_coastal","Karenia mikimotoi","","","","Dinophyceae","","","","","","","","farmed, Abalone (Haliotis discus hannai), cage-cultured fish","","","","","","","Most severe K. mikimotoi damage ever recorded; bloom covered >300 km²","0","0","none","","fish_only","FALSE","","FALSE","","2010000000","CNY","2012","330000000","direct","estimated","aquaculture","FALSE","FALSE","FALSE, 2.01 billion CNY (~$330M USD); massive abalone mortality","","","","","","","10.1016/j.hal.2020.101787","","peer_reviewed","high","medium","2026-03-26","claude","unverified","Largest K. mikimotoi economic loss worldwide; Fujian produces >75% of China's farmed abalone"
"CHL_2021_001","2021 Comau Fjord Heterosigma bloom","fish_kill","2021","2021-03-01","2021-04-30","","resolved","CHL","Chile","Los Lagos","","Comau Fjord","-42.2","-72.4","","fjord","Heterosigma akashiwo","","","","Raphidophyceae","","","","","","","","farmed","Atlantic salmon","","","5000","minimum","Losses >5,000 tonnes in Comau fjord area; some estimates cite >6,000 t","0","0","none","","fish_only","FALSE","","FALSE","","","","","","","","aquaculture","FALSE","FALSE","FALSE","","","","","","","","10.1016/j.scitotenv.2022.158967","","peer_reviewed","medium","medium","2026-03-26","claude","unverified","Intense and widespread H. akashiwo bloom; among the largest in Chilean Patagonian fjords"
"KOR_2003_001","2003 Korean south coast Cochlodinium bloom","fish_kill","2003","","","","resolved","KOR","South Korea","South coast","","South Sea of Korea","34.8","128.4","","marine_coastal","Margalefidinium polykrikoides","","","","Dinophyceae","Formerly Cochlodinium polykrikoides","","","","","","","farmed","","","","","","","","0","0","none","","fish_only","FALSE","","FALSE","","7200000","USD","2003","7200000","direct","estimated","aquaculture","TRUE","FALSE","FALSE, USD 7.2M in aquaculture losses","","","","","","","10.1016/j.hal.2020.101787","","peer_reviewed","medium","medium","2026-03-26","claude","unverified","Recurring M. polykrikoides event; much smaller than 1995"
"USA_2015_001","2015 US West Coast Pseudo-nitzschia bloom","economic","2015","2015-05-01","2015-12-31","","resolved","USA","United States","Washington, Oregon, California","","Pacific coast","45.0","-124.0","","marine_coastal","Pseudo-nitzschia australis","","","","Bacillariophyceae","Associated with marine heatwave ('the Blob')","","","","","","","wild","","","","","","","Major fishery closures; no direct fish mortality reported","0","0","Domoic acid contamination of shellfish; no major human illness outbreak","fish_only","fish_only","FALSE","","FALSE","","97500000","USD","2015","97500000","direct","estimated","wild_fisheries, tourism","TRUE","TRUE","FALSE, $97.5M in lost Dungeness crab landings alone; $40M in tourism losses in WA","","","","","","","10.1016/j.hal.2021.101975","","peer_reviewed","high","medium","2026-03-26","claude","unverified","Driven by unprecedented marine heatwave; Dungeness crab and razor clam fisheries closed"
"GTM_1987_001","1987 Guatemala PSP outbreak","human_health","1987","1987-07-01","1987-08-31","","resolved","GTM","Guatemala","Champerico","Pacific coast Guatemala","14.3","-91.9","","marine_coastal","marine_coastal","Pyrodinium bahamense","","","Dinophyceae","","","","","","","","unknown","","","","","","","","187","26","PSP, 187 cases with neurological symptoms; 26 deaths; case fatality 14%; children <6 years had 50% fatality rate","","","FALSE","","FALSE","","","","","","","","","wild_fisheries, public_health","TRUE","FALSE","FALSE, First large PSP outbreak recognized in Guatemala; clam Amphichaena kindermani implicated","","","","","","","10.1289/ehp.00108s1133","","peer_reviewed","high","high","2026-03-26","claude","unverified","GAP 1 human_health; highest PSP case fatality rate documented in modern era"
"PHL_1983_001","1983 Philippines Pyrodinium PSP outbreak","human_health","1983","","","","resolved","PHL","Philippines","Sorsogon, Samar, Leyte","","Western Samar, Leyte waters","11.5","125.0","","marine_coastal","Pyrodinium bahamense","","","","Dinophyceae","First HAB occurrence in the Philippines","","","","","","unknown","","","","","","","","21","21","PSP","First HAB-associated human toxicity in Philippines; cumulative 1983-2005: 2161 cases and 123 deaths across 135 bloom events","","","FALSE","","FALSE","","5000000","USD","1983","5000000","direct","estimated","wild_fisheries, public_health","TRUE","FALSE","FALSE, USD 5M estimated loss from first 1983 bloom; shellfish harvesting ban imposed","","","","","","","10.1016/j.hal.2020.101924","","peer_reviewed","medium","medium","2026-03-26","claude","unverified","GAP 1 + GAP 4; first PSP event in Philippines; triggered 3 decades of monitoring"
"CAN_1987_001","1987 Prince Edward Island domoic acid outbreak","human_health","1987","1987-11-01","1987-12-31","","resolved","CAN","Canada","Prince Edward Island","","Eastern PEI estuaries","46.4","-62.5","","estuarine","Pseudo-nitzschia multiseries","","","","Bacillariophyceae","Then classified as Nitzschia pungens f. multiseries","","","","","","unknown","","","","","","","","107","4","ASP","107 confirmed cases; 4 deaths (some sources cite 3); 19 hospitalized; 12 required ICU; 25% had memory loss","","","FALSE","","FALSE","","","","","","","","wild_fisheries, public_health","TRUE","FALSE","FALSE, First ever ASP event; led to establishment of domoic acid monitoring programs worldwide; mussel DA peaked at 1500 µg/g","","","","","","","10.1056/NEJM199006213222504","","peer_reviewed","high","high","2026-03-26","claude","unverified","GAP 1 human_health; discovery event for amnesic shellfish poisoning; triggered global DA monitoring"
"PYF_2007_001","French Polynesia ciguatera endemic burden","human_health","2007","","","","recurrent","PYF","French Polynesia","Tuamotu, Marquesas, Gambier","","Pacific Ocean","-15.0","-140.0","","marine_coastal","Gambierdiscus toxicus","","","","Dinophyceae","Multiple Gambierdiscus species involved; G. polynesiensis most toxic","","","","","","","wild","","","","","","","","500","0","CFP, Estimated 500+ cases/year; incidence 165-251 per 10,000 in remote archipelagos; highest global CFP burden","","","FALSE","","FALSE","","","","","","","","wild_fisheries, public_health, tourism","TRUE","FALSE","FALSE, Economic impact difficult to quantify; affects subsistence fishing and food security; chronic health effects underreported","","","","","","","10.1016/j.hal.2020.101873","","peer_reviewed","medium","medium","2026-03-26","claude","unverified","GAP 1 + GAP 4; representative year for chronic endemic burden; true incidence likely 10-50x reported"
"ESP_2004_001","2004 Canary Islands first ciguatera outbreak","human_health","2004","","","","resolved","ESP","Spain","Canary Islands","","Eastern Atlantic","28.1","-15.4","","marine_coastal","Gambierdiscus excentricus","","","","Dinophyceae","First confirmed ciguatera in European waters; G. excentricus identified as primary toxin producer","","","","","","","wild, Amberjack (Seriola spp.)","","","","","","","","12","0","CFP, First documented CFP cases in Canary Islands; all associated with consumption of large amberjack","","","FALSE","","FALSE","","","","","","","wild_fisheries, public_health","FALSE","FALSE","FALSE, Triggered new fishing regulations; emerging CFP risk in Macaronesia linked to ocean warming","","","","","","","10.1016/j.hal.2020.101873","10.3390/md15030072","","peer_reviewed","medium","medium","2026-03-26","claude","unverified","GAP 1 + GAP 4; first European ciguatera; ongoing recurrence ~12 cases/year since 2004"
"USA_2005_001","2005 New England Alexandrium red tide","economic","2005","2005-05-01","2005-08-31","","recurrent","USA","United States","Maine, Massachusetts","","Gulf of Maine","42.5","-70.5","","marine_coastal","Alexandrium fundyense","","","","Dinophyceae","Now classified within A. catenella species complex","","","","","","","unknown","","","","","","","","0","0","PSP, No human cases due to closures; PSP toxins in shellfish above regulatory limits","","","FALSE","","FALSE","","46000000","USD","2005","46000000","total","estimated","wild_fisheries, tourism","TRUE","FALSE","FALSE, $18M lost shellfish sales MA + $4.9M ME; total $46M with multiplier; largest closure since 1972; 40,000 km² offshore area closed","","","","","","","10.1016/j.hal.2021.101975","","peer_reviewed","high","medium","2026-03-26","claude","unverified","GAP 2 economic; largest New England PSP event since 1972; recurring annual problem"
"ITA_2005_001","2005 Genoa Ostreopsis beach respiratory outbreak","human_health","2005","2005-07-01","2005-09-30","","recurrent","ITA","Italy","Liguria","Genoa","Ligurian Sea","44.4","8.9","","marine_coastal","Ostreopsis ovata","","","","Dinophyceae","Benthic dinoflagellate; produces palytoxin-like ovatoxins","","","","","","","unknown","","","","","","","","209","0","respiratory, 209 people sought medical help; rhinorrhoea, fever, cough, bronchoconstriction from inhaled marine aerosol","","","FALSE","","FALSE","","","","","","","","tourism, public_health","FALSE","TRUE","FALSE, First recognition of benthic HAB risk in temperate urbanized areas; triggered Italian Ministry of Health guidelines","","","","","","","10.1016/j.hal.2020.101843","","peer_reviewed","high","high","2026-03-26","claude","unverified","GAP 1 + GAP 4 Mediterranean; first major Ostreopsis health event in temperate waters"
"ARE_2008_001","2008-2009 Arabian Gulf Cochlodinium red tide","mixed","2008","2008-08-01","2009-03-31","","resolved","ARE","United Arab Emirates","Fujairah","Gulf of Oman, Arabian Gulf","25.1","56.3","1200","marine_coastal","marine_coastal","Margalefidinium polykrikoides","","","Dinophyceae","Dinophyceae","Formerly Cochlodinium polykrikoides; unprecedented in Arabian Gulf region","","","TRUE","red-brown","both","","","","600","estimated","","600+ tonnes fish killed; both farmed and wild","0","0","none","","multi_trophic","multi_trophic","FALSE","TRUE","TRUE","","","","","","","","","wild_fisheries, aquaculture, tourism","TRUE","FALSE","TRUE, At least 5 UAE desalination plants shut down; SWRO shutdowns lasted up to 4 months; one plant required 100% membrane replacement; water security crisis","","","","","","","10.1016/j.hal.2009.08.002","","peer_reviewed","high","medium","2026-03-26","claude","unverified","GAP 2 + GAP 4 Middle East; 1200 km coastline affected; desalination crisis threatened freshwater supply"
"USA_1996_001","1996 Florida red tide manatee die-off","mixed","1996","","","","recurrent","USA","United States","Florida","Southwest Florida","Gulf of Mexico","26.5","-82.5","","marine_coastal","Karenia brevis","","","","Dinophyceae","","","","","","","","wild","","","","","","","Massive fish kills concurrent with manatee mortality","0","0","respiratory","","ecosystem_wide","TRUE","Florida manatee (Trichechus manatus latirostris); 149+ manatees killed = ~10% of endangered population","FALSE, Unprecedented marine mammal die-off from brevetoxin; chronic inhalation and ingestion exposure routes","","","","","","","","wild_fisheries, tourism, public_health","FALSE","TRUE","FALSE, Tourism impacts not quantified; manatee deaths had significant conservation implications","","","","","","","10.1016/j.hal.2008.11.009","","peer_reviewed","high","medium","2026-03-26","claude","unverified","GAP 3 ecological; 149 manatees = ~10% of endangered population; brevetoxin in lungs and stomach"
"IRL_2005_001","2005 Ireland Karenia mikimotoi mass mortality","mixed","2005","2005-07-01","2005-09-30","","resolved","IRL","Ireland","Atlantic seaboard","","Atlantic coast Ireland","52.0","-10.5","","marine_coastal","Karenia mikimotoi","","","","Dinophyceae","","","","","","","","both","","","","","","","Widespread mass mortality of benthic and pelagic marine life","0","0","none","","ecosystem_wide","FALSE","","TRUE, Massive benthic mortality including annelids and molluscs; worst K. mikimotoi event in Irish waters","","","","","","","","wild_fisheries, aquaculture","TRUE","FALSE","FALSE, Scale, persistence and impact considered exceptional; economic losses not systematically quantified","","","","","","","10.1016/j.hal.2009.01.001","","peer_reviewed","high","medium","2026-03-26","claude","unverified","GAP 3 ecological + GAP 4 Europe; exceptional bloom in scale and persistence"
"GBR_2006_001","2006 Scotland Karenia mikimotoi bloom","mixed","2006","2006-06-01","2006-09-30","","resolved","GBR","United Kingdom","Scotland","","Scottish coastal waters","57.5","-6.0","","marine_coastal","Karenia mikimotoi","","","","Dinophyceae","","20000000","","","","","both","","","","","","","Extensive mortalities of benthic organisms; farmed fish gill damage but no farm mortalities","0","0","none","","ecosystem_wide","FALSE","","TRUE","Massive benthic mortality of annelids and molluscs; oxygen depletion and cellular toxicity","","","","","","","","aquaculture","FALSE","FALSE","FALSE, Farmed fish gill damage reported but no direct mortality; economic impact to shellfish and wild fisheries","","","","","","","10.1016/j.hal.2009.01.001","","peer_reviewed","high","medium","2026-03-26","claude","unverified","GAP 3 ecological; large prolonged bloom; bloom transported by Hebridean slope current"
"ZAF_1994_001","1994 South Africa black tide","mixed","1994","1994-03-01","1994-03-31","","resolved","ZAF","South Africa","Western Cape","","St Helena Bay","-32.7","17.9","","marine_coastal","Ceratium furca","","","","Dinophyceae","Dense dinoflagellate bloom; bacterial decomposition produced H2S","","","","TRUE","dark/black","wild","","","","","","","Worst recorded marine mortality on South African coast; black tide from hydrogen sulphide","0","0","none","","ecosystem_wide","FALSE","","TRUE","95% reduction of intertidal biomass; hydrogen sulphide production; significant community structure changes; 60 tonnes rock lobster killed","","","","","","","","wild_fisheries","TRUE","FALSE","FALSE, Economic losses not systematically quantified; rock lobster is commercially important species","","","","","","","10.1016/j.hal.2020.101773","","peer_reviewed","medium","medium","2026-03-26","claude","unverified","GAP 3 + GAP 4 Africa; black tide from anoxia/H2S; worst marine mortality event on SA coast"
"ZAF_2022_001","2022 South Africa rock lobster walk-out","economic","2022","","","","recurrent","ZAF","South Africa","Western Cape","","West Coast","-33.0","17.8","","marine_coastal","Alexandrium catanella","","","","Dinophyceae","Mixed dinoflagellate bloom causing red tide and anoxia","","","","TRUE","red","wild","West Coast rock lobster (Jasus lalandii)","","","500","estimated","","~500 tonnes of rock lobster walked out due to anoxic conditions from bloom decomposition","0","0","none","","multi_trophic","FALSE","","TRUE","Mass lobster stranding; already severely depleted species under fishing pressure","","","","","","","","wild_fisheries","TRUE","FALSE","FALSE, Rock lobster walk-outs are recurring; economic loss significant but not quantified; species already heavily depleted","","","","","","","10.1016/j.hal.2020.101773","","peer_reviewed","medium","low","2026-03-26","claude","unverified","GAP 2 + GAP 4 Africa; recurring lobster walk-out from red tide anoxia"
"MEX_2016_001","2016 Baja California tuna kill","fish_kill","2016","2016-05-31","2016-08-02","","resolved","MEX","Mexico","Baja California","","Todos Santos Bay, Salsipuedes Bay","31.8","-116.7","","marine_coastal","Chattonella marina","","","","Raphidophyceae","First ichthyotoxic bloom recorded in this region","","","","","","","farmed, Northern bluefin tuna (Thunnus thynnus orientalis)","","","","","","","9 die-off events; massive tuna mortality from gill damage","0","0","none","","fish_only","FALSE","","FALSE","","42000000","USD","2016","42000000","direct","estimated","aquaculture","FALSE","FALSE","FALSE, $42M estimated from insurance records of one company; total losses likely higher","","","","","","","10.3389/fmars.2018.00454","","peer_reviewed","high","high","2026-03-26","claude","unverified","GAP 4 Latin America; first ichthyotoxic bloom in region; linked to marine heatwave anomalies"
"ESP_1981_001","1981 Spain Dinophysis DSP outbreak","human_health","1981","","","","recurrent","ESP","Spain","Galicia","","Rías Baixas, Atlantic coast","42.3","-8.8","","estuarine","Dinophysis acuta","","Dinophysis acuminata","","Dinophyceae","D. acuta main causative species; D. acuminata also contributes","","","","","","","unknown","","","","","","","","5000","0","DSP, Estimated ~5000 cases during major outbreaks in early 1980s Spain; DSP is non-fatal but incapacitating","","","FALSE","","FALSE","","","","","","","","wild_fisheries, aquaculture","TRUE","FALSE","FALSE, Shellfish harvesting closures are the main economic impact; major threat to Galician mussel industry","","","","","","","10.1289/ehp.00108s1133","","peer_reviewed","medium","low","2026-03-26","claude","unverified","GAP 1 + GAP 4 Mediterranean/Atlantic; DSP is leading HAB threat to European shellfish industry"
"USA_1998_001","1998 California sea lion domoic acid mortality","human_health","1998","1998-05-01","1998-06-30","","resolved","USA","United States","California","Monterey Bay","Monterey Bay","36.8","-121.9","","marine_coastal","Pseudo-nitzschia australis","","","","Bacillariophyceae","","","","","","","","wild","","","","","","","","0","0","No human cases; toxin detected in anchovies and sea lion body fluids","ecosystem_wide","TRUE","California sea lions; 400+ died with neurological dysfunction; domoic acid confirmed in tissues","California sea lions; 400+ died with neurological dysfunction; domoic acid confirmed in tissues","FALSE, First documented marine mammal mortality from domoic acid; neurotoxic effects on sea lions","","","","","","","","public_health","TRUE","FALSE","FALSE, Led to establishment of marine mammal domoic acid monitoring","","","","","","","10.1016/j.hal.2021.101975","","peer_reviewed","high","medium","2026-03-26","claude","unverified","GAP 3 ecological; 400+ sea lions killed; discovery of DA pathway through marine food web to mammals"
"NOR_1984_001","1984 Norway first DSP outbreak","human_health","1984","","","","recurrent","NOR","Norway","Southern coast","","Norwegian coast","60.0","5.0","","marine_coastal","Dinophysis acuta","","Dinophysis norvegica","","Dinophyceae","D. acuta and D. norvegica identified as causative species in Norwegian waters","","","","","","","unknown","","","","","","","","100","0","DSP, ~100 estimated cases in first documented DSP event in Norway; gastrointestinal symptoms","","","FALSE","","FALSE","","","","","","","","wild_fisheries, aquaculture","TRUE","FALSE","FALSE, DSP toxins in mussels became main phycotoxin problem along Norwegian coast; 25+ years of monitoring followed","","","","","","","10.1016/j.hal.2021.101989","","peer_reviewed","medium","low","2026-03-26","claude","unverified","GAP 1 human_health; first DSP event in Norway; triggered long-term monitoring program"
"USA_1987_001","1987 North Carolina Gymnodinium breve NSP outbreak","human_health","1987","1987-10-01","1988-03-31","","resolved","USA","United States","North Carolina","","Coastal North Carolina","34.7","-77.0","","marine_coastal","Karenia brevis","","","","Dinophyceae","Then classified as Ptychodiscus brevis / Gymnodinium breve","","","","","","","wild","","","","","","","","48","0","NSP, 48 confirmed cases of neurotoxic shellfish poisoning; first major NSP event outside Florida","","","FALSE","","FALSE","","24000000","USD","1988","24000000","direct","estimated","wild_fisheries, public_health","TRUE","FALSE","FALSE, $24M+ lost to local economy from shellfish harvesting closures","","","","","","","10.1016/j.hal.2021.101975","","peer_reviewed","high","medium","2026-03-26","claude","unverified","GAP 1 human_health + GAP 2 economic; first G. breve bloom in NC; large persistent bloom fall/winter 1987-88"
"PHL_2013_001","2013 Western Samar PSP outbreak","human_health","2013","2013-06-29","2013-07-04","","resolved","PHL","Philippines","Western Samar","Tarangnan","Cambatutay Bay","11.8","124.7","","marine_coastal","Pyrodinium bahamense","","","","Dinophyceae","var. compressum; saxitoxin producer","","","","","","","unknown","","","","","","","","31","2","PSP, 31 cases and 2 deaths from green mussel broth; saxitoxin confirmed in mussels and seawater","","","FALSE","","FALSE","","","","","","","","wild_fisheries, public_health","TRUE","FALSE","FALSE, Green mussel harvesting area; saxitoxin is heat-stable and concentrated in broth","","","","","","","10.5365/wpsar.2014.5.4.002","","peer_reviewed","high","high","2026-03-26","claude","unverified","GAP 1 + GAP 4; Philippines has highest global PSP case count; 2555 cases and 165 deaths 1985-2018"
"GBR_2013_001","2013 Shetland Dinophysis DSP outbreak","human_health","2013","","","","recurrent","GBR","United Kingdom","Scotland","Shetland Islands","","60.4","-1.2","","marine_coastal","Dinophysis acuta","","Dinophysis acuminata","","Dinophyceae","Rapid toxin accumulation within 1-week monitoring window","","","","","","","unknown","","","","","","","","70","0","DSP, 70+ people reported symptoms to food safety authorities; actual number likely higher; contaminated mussels consumed before closure","","","FALSE","","FALSE","","1370000","GBP","2013","","","estimated","aquaculture, public_health","TRUE","FALSE","FALSE, Annual DSP losses estimated £1.37M/year for Scottish shellfish; 80% of Scottish mussel production in Shetland","","","","","","","10.1016/j.hal.2020.101912","","peer_reviewed","high","medium","2026-03-26","claude","unverified","GAP 1 + GAP 2; DSP is leading biotoxin threat to Scottish shellfish industry; ~15% annual production loss"
"USA_2011_001","2011 Texas Karenia brevis red tide","economic","2011","2011-09-01","2011-12-31","","recurrent","USA","United States","Texas","Padre Island","Gulf of Mexico, Laguna Madre","27.0","-97.3","","marine_coastal","Karenia brevis","","","","Dinophyceae","","","","","TRUE","red-brown","wild","","","","","","","Fish kills along Padre Island National Seashore; aerosol irritation","0","0","respiratory, Respiratory aerosols reported from Corpus Christi to Port Aransas","","","FALSE","","FALSE","","10300000","USD","2011","10300000","direct","estimated","wild_fisheries, tourism","TRUE","TRUE","FALSE","$10.3M drop in Texas oyster landings; 3-month oyster harvesting ban during 6-month season","","","","","","","10.1016/j.hal.2021.101975","","peer_reviewed","medium","medium","2026-03-26","claude","unverified","GAP 2 economic; recurring Texas red tide; quantified oyster industry loss"
"CAN_2001_001","2001 British Columbia Heterosigma salmon kill","fish_kill","2001","","","","recurrent","CAN","Canada","British Columbia","","Strait of Georgia","49.3","-123.5","","marine_coastal","Heterosigma akashiwo","","","","Raphidophyceae","Most prominent fish-killing alga in BC waters since 1960s","","","","","","","farmed","Atlantic salmon","","","1000","estimated","Over 1,000 tonnes of farmed Atlantic salmon killed","0","0","none","","fish_only","FALSE","","FALSE","","","","","","","","","aquaculture","FALSE","FALSE","FALSE, Annual losses estimated at millions of dollars; H. akashiwo blooms recorded every year since 1960s in BC","","","","","","","10.1016/j.hal.2021.102070","","peer_reviewed","medium","medium","2026-03-26","claude","unverified","GAP 4 Canada; recurring H. akashiwo problem for BC salmon aquaculture"
"AUS_2012_001","2012 Tasmania Gymnodinium catenatum PSP closure","economic","2012","","","","recurrent","AUS","Australia","Tasmania","","Huon Estuary/D'Entrecasteaux Channel","-43.1","147.0","","estuarine","Gymnodinium catenatum","","","","Dinophyceae","Likely introduced via ballast water post-1972; first detected 1985","","","","","","","unknown","","","","","","","","0","0","PSP, No human cases due to monitoring; PSP toxins above regulatory limits in shellfish","","","FALSE","","FALSE","","23000000","AUD","2012","","","estimated","aquaculture","TRUE","FALSE","FALSE, ~AUD $23M total economic loss; largest G. catenatum bloom in Tasmania; prolonged shellfish harvesting closures","","","","","","","10.1016/j.hal.2020.101848","","peer_reviewed","high","medium","2026-03-26","claude","unverified","GAP 2 economic; largest toxic bloom on record in Tasmania; invasive species via ballast water"
"OMN_2008_001","2008 Oman Sea desalination disruption","economic","2008","2008-09-01","2009-02-28","","resolved","OMN","Oman","","Sea of Oman, Arabian Sea","23.6","58.5","","marine_coastal","marine_coastal","Margalefidinium polykrikoides","Noctiluca scintillans","Noctiluca scintillans","Dinophyceae","Dinophyceae","Cochlodinium polykrikoides primary; Noctiluca co-occurring","","","","TRUE","red-brown","wild","","","","","","Fish kills reported along Omani coast","0","0","none","","multi_trophic","multi_trophic","FALSE","FALSE","","","","","","","","","","wild_fisheries, tourism","TRUE","FALSE","TRUE, Barka desalination plant ceased operations for 55 days; RO 330,000 + RO 140,000 losses in subsequent events; water security crisis","","","","","","","10.1016/j.hal.2009.08.002","","peer_reviewed","medium","medium","2026-03-26","claude","unverified","GAP 2 + GAP 4 Middle East; Barka plant shutdown 55 days; unprecedented for water desalination industry"
"ESP_2009_001","2009 Spain Galicia Dinophysis shellfish closure","economic","2009","","","","recurrent","ESP","Spain","Galicia","Rías Baixas, Ría de Vigo","42.2","-8.7","","estuarine","estuarine","Dinophysis acuminata","Dinophysis acuta","Dinophysis acuta","Dinophyceae","Dinophyceae","Autumn D. acuta events cause prolonged closures; mussel depuration slow in winter","","","","","","unknown","","","","","","","","0","0","DSP, No confirmed human cases due to effective monitoring; DSP toxins above regulatory limits","","","FALSE","","FALSE","","","","","","","","","aquaculture","TRUE","FALSE","FALSE, Galician Rías are largest mussel-producing area in Europe (~250,000 t/yr); DSP closures cost millions annually; worst impact when autumn closures extend through winter sales peak","","","","","","","10.1016/j.hal.2020.101843","","peer_reviewed","medium","low","2026-03-26","claude","unverified","GAP 2 + GAP 4 Mediterranean/Atlantic; chronic DSP threat to Europe's largest mussel industry"
"USA_2018_002","2017-2018 Florida red tide economic impact","economic","2018","2017-10-01","2019-02-28","516","recurrent","USA","United States","Florida","Southwest Florida","Gulf of Mexico, Tampa Bay","26.5","-82.5","","marine_coastal","Karenia brevis","","","","Dinophyceae","Same bloom as USA_2018_001; separate entry for quantified economic impact","","","","TRUE","red-brown","wild","","","","","","","","0","0","respiratory","","","","FALSE","FALSE","","2700000000","USD","2018","2700000000","total","estimated","tourism, recreation, wild_fisheries","TRUE","TRUE","FALSE","$2.7 billion tourism loss estimated; potential 'billion-dollar disaster'; lodging and restaurant revenue declines 1-2% per additional red tide day above 17-day threshold","","","","","","","10.1007/s11069-020-04182-7","","peer_reviewed","high","medium","2026-03-26","claude","unverified","GAP 2 + GAP 5; linked to USA_2018_001; separate entry to capture quantified economic methodology"
"JPN_1980_001","1980s Japan Heterosigma recurring fish kills","fish_kill","1985","","","","recurrent","JPN","Japan","Kagoshima","","Seto Inland Sea area","31.6","130.6","","marine_coastal","Heterosigma akashiwo","","","","Raphidophyceae","","","","","","","","farmed","Yellowtail, sea bream","","","","","","","0","0","none","","fish_only","FALSE","","FALSE","","135000000","USD","1985","135000000","total","estimated","aquaculture","FALSE","FALSE","FALSE, $135M USD cumulative 1980-1990; recurring annual Heterosigma fish kills","","","","","","","10.1016/j.hal.2020.101787","","peer_reviewed","medium","low","2026-03-26","claude","unverified","GAP 5 quantification; cumulative impact from recurring events; year set as mid-decade representative"
"NOR_1998_001","1998 Norway Pseudochattonella bloom","fish_kill","1998","","","","resolved","NOR","Norway","Southern coast","","Skagerrak","58.5","9.0","","marine_coastal","Pseudochattonella verruculosa","","","","Dictyochophyceae","","","","","","","","farmed, Salmonids","","","","","","","","0","0","none","","fish_only","FALSE","","FALSE","","1400000","USD","1998","1400000","direct","estimated","aquaculture","FALSE","FALSE","FALSE, $1.4M USD loss from GlobalHAB Table 1.1","","","","","","","10.1016/j.hal.2016.08.002","","peer_reviewed","medium","medium","2026-03-26","claude","unverified","From GlobalHAB 2023 Table 1.1; first P. verruculosa event in Norway"
"DNK_2019_001","2019 Denmark Pseudochattonella bloom","fish_kill","2019","","","","resolved","DNK","Denmark","","","Kattegat/Skagerrak","57.0","10.5","","marine_coastal","Pseudochattonella verruculosa","","","","Dictyochophyceae","","","","","","","","farmed, Salmonids","","","","","","","","0","0","none","","fish_only","FALSE","","FALSE","","1400000","USD","2019","1400000","direct","estimated","aquaculture","FALSE","FALSE","FALSE, $1.4M USD loss from GlobalHAB Table 1.1","","","","","","","10.1016/j.hal.2016.08.002","","peer_reviewed","medium","medium","2026-03-26","claude","unverified","From GlobalHAB 2023 Table 1.1; co-occurred with regional Pseudochattonella blooms"
"NZL_2019_001","2019 New Zealand Pseudochattonella salmon kill","fish_kill","2019","","","","resolved","NZL","New Zealand","Marlborough Sounds","","Queen Charlotte Sound","-41.2","174.0","","marine_coastal","Pseudochattonella verruculosa","","","","Dictyochophyceae","","","","","","","","farmed, King salmon (Chinook)","","","","200","estimated","200 tonnes lost; 15% of stock at affected farm","0","0","none","","fish_only","FALSE","","FALSE","","","","","","","","","aquaculture","FALSE","FALSE","FALSE, 200 t / 15% of stock from GlobalHAB Table 1.1; New Zealand king salmon industry affected","","","","","","","10.1016/j.hal.2020.101848","","peer_reviewed","medium","medium","2026-03-26","claude","unverified","From GlobalHAB 2023 Table 1.1; Pseudochattonella becoming global problem"
"CHL_2021_002","2021 Chile Heterosigma Comau additional losses","fish_kill","2021","2021-03-01","2021-04-30","","resolved","CHL","Chile","Los Lagos","","Reloncaví Fjord","-41.7","-72.3","","fjord","Heterosigma akashiwo","","","","Raphidophyceae","","","","","","","","farmed","Atlantic salmon","","","5000","estimated","","","0","0","none","","fish_only","FALSE","","FALSE","","11000000","USD","2021","11000000","direct","estimated","aquaculture","FALSE","FALSE","FALSE, Total ~5000 tonnes across Comau/Reloncaví area; $11M estimated","","","","","","","10.1016/j.scitotenv.2022.158967","","peer_reviewed","medium","medium","2026-03-26","claude","unverified","Additional data from Patagonian fjord H. akashiwo event; economic estimate from industry reports"
"USA_2005_002","2005 Florida red tide health economic impact","human_health","2005","","","","recurrent","USA","United States","Florida","Southwest Florida","Gulf of Mexico","26.5","-82.5","","marine_coastal","Karenia brevis","","","","Dinophyceae","","","","","","","","wild","","","","","","","","0","0","respiratory, Respiratory and digestive illness costs >$1M; ER visits from aerosolized brevetoxins","","","FALSE","","FALSE","","1000000","USD","2005","1000000","direct","estimated","public_health, tourism","FALSE","TRUE","FALSE, Health costs alone >$1M in severe bloom year; capitalized future illness costs $2-24M at 3% discount rate; methodology from Hoagland et al. 2014","","","","","","","10.1016/j.envint.2014.03.016","","peer_reviewed","high","high","2026-03-26","claude","unverified","GAP 1 + GAP 5; quantified health methodology; counterfactual analysis of ER visits vs. K. brevis cell counts"
"MEX_2016_002","2016 Mexico Gulf of California Chattonella tuna kill second phase","fish_kill","2016","2016-06-15","2016-08-02","","resolved","MEX","Mexico","Baja California","","Salsipuedes Bay","31.9","-116.7","","marine_coastal","Chattonella marina","","","","Raphidophyceae","","","","","","","","farmed, Northern bluefin tuna (Thunnus thynnus orientalis)","","","","","","80% of stock lost at affected farms; gill hyperplasia and hemorrhage","0","0","none","","fish_only","FALSE","","FALSE","","","","","","","","","aquaculture","FALSE","FALSE","FALSE, 80% stock loss figure from GlobalHAB Table 1.1; complementary to MEX_2016_001 insurance-quantified loss","","","","","","","10.3389/fmars.2018.00454","","peer_reviewed","high","medium","2026-03-26","claude","unverified","Second entry for Mexican 2016 event to capture different data point; 80% stock loss"
"MYS_2014_001","2014 Johor Strait Karlodinium fish kill","fish_kill","2014","2014-02-06","2014-02-11","","resolved","MYS","Malaysia","Johor","","West Johor Strait","1.4","103.7","","estuarine","Karlodinium australe","","","","Dinophyceae","First report of mass fish mortality attributed to K. australe","2340000","","","TRUE","","farmed","Multiple species (cage-cultured)","50000","estimated","","","","~50,000 cage-cultured fish killed; both captive and wild populations affected","0","0","none","","fish_only","FALSE","","FALSE","","2600000","USD","2014","2600000","direct","estimated","aquaculture","FALSE","FALSE","FALSE","USD 2.6M loss; many small-scale aquaculturists ceased operations","","","","","","","10.1016/j.hal.2014.04.011","","peer_reviewed","high","high","2026-03-26","claude","unverified","Task 1; from GlobalHAB 2023 Table 1.1; first K. australe fish kill report; recurred 2015"
"CHN_1989_001","1989 Bohai Sea Gymnodinium bloom","fish_kill","1989","","","","resolved","CHN","China","Hebei/Shandong","","Bohai Sea","38.5","118.5","275","marine_coastal","Gymnodinium sp.","","","","Dinophyceae","","","","","","","","wild","","","","","","","Most serious HAB disaster of 1980s China; 275 km² bloom area","0","0","none","","fish_only","FALSE","","FALSE","","240000000","CNY","1989","30000000","direct","estimated","wild_fisheries, aquaculture","TRUE","FALSE","FALSE, 240 million RMB (~$30M USD); largest single HAB loss in 1980s China","","","","","","","10.1016/j.hal.2023.102515","","peer_reviewed","medium","medium","2026-03-26","claude","unverified","Task 2 China; worst HAB event in Bohai Sea during 1980s"
"CHN_1998_001","1998 Pearl River Estuary Karenia mikimotoi bloom","fish_kill","1998","","","","resolved","CHN","China","Guangdong","","Pearl River Estuary, Dapeng Bay, Daya Bay","22.5","114.3","","estuarine","Karenia mikimotoi","","","","Dinophyceae","First K. mikimotoi bloom recorded in China","","","","","","","both","","","","","","","Mass mortality of fish and shellfish in Dapeng/Daya Bay area","0","0","none","","fish_only","FALSE","","FALSE","","300000000","HKD","1998","","","estimated, aquaculture, wild_fisheries","TRUE","FALSE","FALSE, Over 0.3 billion HK dollars economic loss; first K. mikimotoi event in Chinese waters","","","","","","","10.1016/j.hal.2023.102515","10.1016/j.hal.2020.101787","","peer_reviewed","medium","medium","2026-03-26","claude","unverified","Task 2 China; first documented K. mikimotoi bloom in China; triggered monitoring expansion"
"CHN_2015_001","2015 Beibu Gulf Phaeocystis nuclear plant blockage","economic","2015","2014-12-01","2015-02-28","","recurrent","CHN","China","Guangxi","","Beibu Gulf","21.6","108.3","","marine_coastal","Phaeocystis globosa","","","","Prymnesiophyceae","Haptophyte; forms large mucilaginous colonies up to 3 cm","","","","","TRUE","","unknown","","","","","","","","0","0","none","","fish_only","FALSE","","FALSE","","","","","","","","aquaculture, other","FALSE","FALSE","FALSE, Mucilaginous colonies blocked cooling water filtration system of Fangchenggang Nuclear Power Plant; first documented HAB threat to nuclear power safety; aquaculture losses also reported","","","","","","","10.1016/j.hal.2023.102515","","peer_reviewed","high","high","2026-03-26","claude","unverified","Task 2 China; unique infrastructure impact — nuclear power plant cooling water blockage; P. globosa dominant HAB in Beibu Gulf since 2011"
"NIC_2005_001","2005 Nicaragua Pyrodinium PSP outbreak","human_health","2005","2005-10-01","2005-10-31","","resolved","NIC","Nicaragua","Corinto","Maderas Negras Island","Pacific coast Nicaragua","12.5","-87.2","","marine_coastal","Pyrodinium bahamense","","","","Dinophyceae","","","","","","","","unknown","","","","","","","","45","1","PSP, 45 cases and 1 death; 10% of Maderas Negras Island population affected after eating concha negra clams","","","FALSE","","FALSE","","","","","","","","wild_fisheries, public_health","TRUE","FALSE","FALSE, Saxitoxin confirmed in shellfish; led to establishment of red tide surveillance","","","","","","","10.1186/s13104-015-1012-4","","peer_reviewed","high","high","2026-03-26","claude","unverified","Task 3 Caribbean; first Caribbean PSP event in catalog"
"CRI_1989_001","1989 Costa Rica Pyrodinium PSP outbreak","human_health","1989","1989-10-01","1989-11-30","","resolved","CRI","Costa Rica","Pacific coast","","Pacific coast Costa Rica","9.5","-84.5","","marine_coastal","Pyrodinium bahamense","","","","Dinophyceae","","","","","","","","unknown, Spondylus calcifer (clam)","","","","","","","Numbness, paralysis of legs, respiratory symptoms after ingestion of Spondylus calcifer clam","10","0","PSP, ~10 confirmed cases; numbness 30-45 min after ingestion; paralysis persisting 1 week","","","FALSE","","FALSE","","","","","","","","wild_fisheries, public_health","TRUE","FALSE","FALSE, First PSP event from Costa Rica Pacific coast; Pyrodinium found in clam intestines","","","","","","","10.1289/ehp.00108s1133","","peer_reviewed","medium","medium","2026-03-26","claude","unverified","Task 3 Caribbean/Central America; limited case data; extraction confidence medium"
"IND_2021_001","2021 Gulf of Mannar Noctiluca fish kill","mixed","2021","2021-10-01","2021-10-31","","resolved","IND","India","Tamil Nadu","","Gulf of Mannar, Pamban to Mundal","9.2","79.1","","marine_coastal","Noctiluca scintillans","","","","Dinophyceae","Not known to produce organic toxins; kills via oxygen depletion and ammonia production","3270000","","","TRUE","green","wild","Damselfish, parrotfish, rabbitfish, sardines, needlefish","9000000","estimated","7","estimated","","7.2 tonnes total fish mortality; 0.96 t commercially important fish; 0.83 t damselfish (~9 million individuals)","0","0","none","","ecosystem_wide","FALSE","","TRUE","Mass mortality of finfishes, shellfishes, sea anemones, sea horses, polychaetes; 43 fish genera affected; coral reef impacts","5500000","USD","2021","5500000","direct","estimated","wild_fisheries","TRUE","FALSE","FALSE","0.96 t commercially important fish valued at US$5.5M; bloom caused hypoxia and ammonia toxicity","","","","","","","10.1007/s44289-025-00074-5","10.1038/s41598-020-79152-x","peer_reviewed","high","high","2026-03-26","claude","unverified","Task 4 South Asia; first India event in catalog; also fills GAP 3 ecological; coral reef impacts documented"
"MAR_1994_001","1994 Morocco PSP intoxication event","human_health","1994","1994-11-01","1994-12-31","","resolved","MAR","Morocco","Atlantic coast","","Oualidia Lagoon","32.7","-9.0","","estuarine","Gymnodinium catenatum","","","","Dinophyceae","G. catenatum primary PSP producer along Moroccan Atlantic coast","","","","","","","unknown","","","","","","","","23","4","PSP, 23 hospitalized and 4 deaths from PSP; PSP toxins in mussels reached 2600 µg STX equiv/kg (regulatory limit 800)","","","FALSE","","FALSE","","","","","","","","wild_fisheries, public_health","TRUE","FALSE","FALSE, Severe intoxication event; shellfish monitoring program established 1992 but toxins exceeded regulatory limits","","","","","","","10.1016/j.hal.2020.101843","","peer_reviewed","medium","medium","2026-03-26","claude","unverified","Task 5 West Africa; first Morocco/NW Africa event in catalog; G. catenatum linked to Iberian populations"
"MYS_2005_001","2005 Sabah Cochlodinium bloom","fish_kill","2005","","","","resolved","MYS","Malaysia","Sabah","Kota Kinabalu","South China Sea","6.0","116.1","","marine_coastal","Margalefidinium polykrikoides","","","","Dinophyceae","Formerly Cochlodinium polykrikoides; first major bloom in Sabah","","","","","TRUE","","both","","","","","","Fish kills affecting cage aquaculture and wild populations in Kota Kinabalu waters","0","0","none","","fish_only","FALSE","","FALSE","","","","","","","","","aquaculture","FALSE","FALSE","FALSE, Economic losses not quantified; bloom extended from west coast Sabah southward","","","","","","","10.1016/j.hal.2020.101924","","peer_reviewed","medium","low","2026-03-26","claude","unverified","Task 6 SE Asia; first Sabah HAB event in catalog; M. polykrikoides recurred 2006 and 2023"
"IDN_1988_001","1988 Indonesia Pyrodinium PSP","human_health","1988","","","","resolved","IDN","Indonesia","Southeast Sulawesi","","Banda Sea","5.5","122.5","","marine_coastal","Pyrodinium bahamense","","","","Dinophyceae","","","","","","","","unknown","","","","","","","","427","17","PSP, 427 PSP cases and 17 deaths reported from Indonesia (cumulative through late 1990s); first events in late 1980s","","","FALSE","","FALSE","","","","","","","","wild_fisheries, public_health","TRUE","FALSE","FALSE, Indonesia had 427 cases and 17 deaths from PSP; third highest after Philippines and Malaysia in SE Asia","","","","","","","10.1016/j.hal.2020.101924","","peer_reviewed","medium","low","2026-03-26","claude","unverified","Task 6 SE Asia; first Indonesia event; exact year approximate — cumulative data from 1988-1999 period"
"USA_2002_001","2002 Washington razor clam domoic acid closure","economic","2002","2002-10-01","2003-06-30","","recurrent","USA","United States","Washington","","Pacific coast Washington","46.5","-124.0","","marine_coastal","Pseudo-nitzschia australis","","","","Bacillariophyceae","","","","","","","","unknown","","","","","","","","0","0","ASP, No human cases due to closures; domoic acid above regulatory limit in razor clams","","","FALSE","","FALSE","","24400000","USD","2003","24400000","total","estimated","wild_fisheries, tourism, recreation","TRUE","FALSE","FALSE, $24.4M estimated expenditures for 2002-2003 season; recreational razor clam fishery generates up to $40M/yr in WA; 25.8% of fishing days lost to closures 1991-2008","","","","","","","10.1016/j.hal.2009.11.003","","peer_reviewed","high","high","2026-03-26","claude","unverified","Task 7 economic; razor clam closure methodology: survey of 240 parties; expenditure-based valuation"
